title,company,location,link
Frontend Developer (Javascript/React),Bepro Company,서울,https://kr.indeed.com/viewjob?jk=d11342cfe074df78
2020 Market Data Analyst - Seoul (Korean Speaker),Bloomberg,서울,https://kr.indeed.com/viewjob?jk=212ca67d161b7162
iOS Developer,Bepro Company,서울,https://kr.indeed.com/viewjob?jk=297e6568c740f98e
Software Engineer Intern,Intel,서울,https://kr.indeed.com/viewjob?jk=153b61bfd2b5f9d1
데이터 엔지니어,네오위즈,대한민국,https://kr.indeed.com/viewjob?jk=96c77d0cb25fceca
Software Engineer,Google,서울,https://kr.indeed.com/viewjob?jk=d2df92c32bd4a203
AI/빅데이터/클라우드 분야 (인재 Pool),LG유플러스,서울,https://kr.indeed.com/viewjob?jk=fb617eeb80ea6fa9
[개발]Python 백엔드 개발자(정규직),위메프,대한민국,https://kr.indeed.com/viewjob?jk=a4946f6098077a45
[Clova] Clova AI 인재,네이버,서울,https://kr.indeed.com/viewjob?jk=92bd400e3b5306ba
빅데이터 분석/서비스 담당자,케이뱅크은행,서울 종로구,https://kr.indeed.com/viewjob?jk=90b92d20e472bea0
2020년 하반기 경력사원 (IT(Digital Transformation)부문),LG상사,서울 종로구,https://kr.indeed.com/viewjob?jk=8cc9b4c1f8813564
"IT Analyst, E-Commerce",Procter & Gamble,서울,https://kr.indeed.com/viewjob?jk=784cd549a392c126
2020년 하반기 각 부문 신입/경력 정규직,제이엘케이인스펙션,서울 강남구,https://kr.indeed.com/viewjob?jk=ebfe3497c293e1f4
mmWave HW Design Engineer,Apple,서울,https://kr.indeed.com/viewjob?jk=abfc94fd3a20ea51
데이터 분석가 (Business Intelligence Analyst),코스닥 상장 중견 게임기업,서울 강남구,https://kr.indeed.com/viewjob?jk=c1037225077ca4da
[TmaxAI/R&D] AI본부 R&D 개발 연구원 신입/경력 (병역특례포함),티맥스소프트,서울,https://kr.indeed.com/viewjob?jk=f45fd0309dff04fc
Deep Learning R&D Engineer,Intel,서울,https://kr.indeed.com/viewjob?jk=58613b11ebe8779c
Data Scientist,Boston Consulting Group,서울,https://kr.indeed.com/viewjob?jk=ce6747e77c861c46
[전문연구요원] 상시,네이버,서울,https://kr.indeed.com/viewjob?jk=b79c2ae536063b01
데이터 엔지니어,리디,서울특별시,https://kr.indeed.com/viewjob?jk=1937ebb0ea172f08
Staff AE,Synopsys,서울,https://kr.indeed.com/viewjob?jk=c388192aa3ac0634
[대형보험사] 변액헤지 담당 (대리-차장급),커리어라임즈,서울,https://kr.indeed.com/viewjob?jk=fe8c19ddecdae3eb
데이터분석가(팀장급),리디,서울,https://kr.indeed.com/viewjob?jk=d556a5075a39acee
데이터 분석가(팀원급),리디,서울,https://kr.indeed.com/viewjob?jk=2c01efd167df86c4
Korea Structuring Junior,Credit Suisse,대한민국,https://kr.indeed.com/viewjob?jk=bd2ac72a81296d15
[주식회사모이기술] 알고리즘 튜닝과 앙상블 코딩 경력자 -AI 딥러닝 대회 프로젝트,여성기업종합지원센터,서울 성북구,https://kr.indeed.com/viewjob?jk=b9ecab0ca2a98e8f
2020년도 육아휴직 대체인력,중소기업연구원,서울특별시,https://kr.indeed.com/viewjob?jk=d8aae6b201fadfb5
각 부문 신입 및 경력직,다나와,서울 양천구,https://kr.indeed.com/viewjob?jk=188d2b70e7db664f
데이터 분석가 (Business Intelligence Analyst),코스닥 상장 중견 게임기업,서울 강남구,https://kr.indeed.com/viewjob?jk=c1037225077ca4da
"(송파구 문정동) 응용 프로그래머 (C++, C#, Python)",심네트,서울 용산구,https://kr.indeed.com/viewjob?jk=9bd34e14c7523d31
