title,company,location,link

Frontend Developer (Javascript/React),Bepro Company,����,https://kr.indeed.com/viewjob?jk=d11342cfe074df78

2020 Market Data Analyst - Seoul (Korean Speaker),Bloomberg,����,https://kr.indeed.com/viewjob?jk=212ca67d161b7162

iOS Developer,Bepro Company,����,https://kr.indeed.com/viewjob?jk=297e6568c740f98e

Software Engineer Intern,Intel,����,https://kr.indeed.com/viewjob?jk=153b61bfd2b5f9d1

"Application Engineer, Expert",Keysight Technologies,����,https://kr.indeed.com/viewjob?jk=5e0c8f9297574c0b

������ �����Ͼ�,�׿�����,���ѹα�,https://kr.indeed.com/viewjob?jk=96c77d0cb25fceca

Software Engineer,Google,����,https://kr.indeed.com/viewjob?jk=d2df92c32bd4a203

AI/������/Ŭ���� �о� (���� Pool),LG���÷���,����,https://kr.indeed.com/viewjob?jk=fb617eeb80ea6fa9

[����]Python �鿣�� ������(������),������,���ѹα�,https://kr.indeed.com/viewjob?jk=a4946f6098077a45

[Clova] Clova AI ����,���̹�,����,https://kr.indeed.com/viewjob?jk=92bd400e3b5306ba

������ �м�/���� �����,���̹�ũ����,���� ���α�,https://kr.indeed.com/viewjob?jk=90b92d20e472bea0

2020�� �Ϲݱ� ��»�� (IT(Digital Transformation)�ι�),LG���,���� ���α�,https://kr.indeed.com/viewjob?jk=8cc9b4c1f8813564

"IT Analyst, E-Commerce",Procter & Gamble,����,https://kr.indeed.com/viewjob?jk=784cd549a392c126

2020�� �Ϲݱ� �� �ι� ����/��� ������,���̿������ν����,���� ������,https://kr.indeed.com/viewjob?jk=ebfe3497c293e1f4

������ �м��� (Business Intelligence Analyst),�ڽ��� ���� �߰� ���ӱ��,���� ������,https://kr.indeed.com/viewjob?jk=c1037225077ca4da

